Est_Pay,catagory,catagoryExta,Country,influencer,EngAvg,Followers
1170484.0,Sports with a ball,Family,Argentina,leomessi,23400000.0,409800000.0
1318919.0,Sports with a ball,Any,India,cristiano,14700000.0,523000000.0
904164.0,Sports with a ball,Any,Brazil,neymarjr,9500000.0,198900000.0
1004207.0,Fashion,Modeling,United States,kyliejenner,4300000.0,376300000.0
908000.0,Modeling,Fashion,United States,kendalljenner,5000000.0,268000000.0
1081195.0,Music,Any,United States,arianagrande,3400000.0,345900000.0
1124021.0,Photography,Music,United States,selenagomez,2900000.0,365400000.0
1029708.0,Fashion,Beauty,United States,kimkardashian,2600000.0,337400000.0
804686.0,Sports with a ball,Any,France,k.mbappe,8400000.0,90400000.0
1003167.0,Music,Any,Brazil,taylorswift,3000000.0,236500000.0
1053800.0,Music,Any,South Korea,thv,12000000.0,53800000.0
1121658.0,Sports with a ball,Any,India,virat.kohli,2800000.0,228800000.0
960700.0,Music,Any,Indonesia,lalalalisa_m,6400000.0,85700000.0
905600.0,Lifestyle,Any,United States,kourtneykardash,2000000.0,205600000.0
870658.0,Music,Any,United States,billieeilish,3800000.0,107500000.0
1041400.0,Lifestyle,Music,South Korea,agustd,9500000.0,41400000.0
984286.0,Music,Any,Brazil,justinbieber,1400000.0,270000000.0
918454.0,Music,Any,Indonesia,jennierubyjane,5200000.0,72300000.0
1134879.0,Fitness & Gym,Art/Artists,India,therock,976300.0,355200000.0
840553.0,Music,Fashion,United States,iamcardib,2300000.0,144900000.0
884924.0,Music,Any,Mexico,karolg,5200000.0,58000000.0
1042200.0,Music,Any,United States,jin,6600000.0,42200000.0
1384046.0,Photography,Any,India,instagram,466400.0,579800000.0
957647.0,Music,Any,United States,mileycyrus,1300000.0,189800000.0
1042400.0,Art/Artists,Music,South Korea,uarmyhope,5900000.0,42400000.0
676079.0,Music,Any,United States,badbunnypr,5700000.0,44500000.0
935122.0,Music,Beauty,Indonesia,sooyaaa__,3800000.0,66700000.0
948388.0,Music,Any,Indonesia,bts.bighitofficial,3300000.0,69600000.0
821041.0,Sports with a ball,Any,India,khaby00,2700000.0,80300000.0
888315.0,Cinema & Actors/actresses,Any,India,aliaabhatt,2700000.0,73500000.0
1040400.0,Lifestyle,Music,Ethiopia,rkive,4600000.0,40400000.0
860500.0,Cinema & Actors/actresses,Any,Brazil,milliebobbybrown,3000000.0,60500000.0
1017635.0,Music,Cinema & Actors/actresses,United States,jlo,725200.0,229300000.0
725020.0,Music,Any,United States,travisscott,3100000.0,47600000.0
781234.0,Music,Fashion,United States,harrystyles,3000000.0,47900000.0
782800.0,Sports with a ball,Any,United States,kingjames,1000000.0,139400000.0
745019.0,Sports with a ball,Any,France,karimbenzema,2200000.0,63200000.0
714006.0,Music,Any,United States,champagnepapi,998800.0,126300000.0
873315.0,Music,Any,United States,dualipa,1400000.0,87600000.0
961700.0,Cinema & Actors/actresses,Any,India,anushkasharma,2000000.0,61700000.0
861734.0,Art/Artists,Any,South Korea,dlwlrma,4200000.0,28400000.0
738086.0,Cinema & Actors/actresses,Lifestyle,United States,jennaortega,4900000.0,23800000.0
892712.0,Music,Lifestyle,Indonesia,eunwo.o_c,3600000.0,31600000.0
807888.0,Cinema & Actors/actresses,Any,Brazil,noahschnapp,4099999.9999999995,27400000.0
632396.0,Modeling,Family,Argentina,antonelaroccuzzo,4600000.0,23700000.0
937967.0,Finance & Economics,Business & Careers,India,narendramodi,1500000.0,71300000.0
760400.0,Lifestyle,Fashion,India,georginagio,2500000.0,40400000.0
828900.0,Music,Cinema & Actors/actresses,United States,oliviarodrigo,3500000.0,28900000.0
933182.0,Science,Photography,India,nasa,1100000.0,86000000.0
846403.0,Sports with a ball,Any,Spain,realmadrid,720500.0,129400000.0
677964.0,Shows,Lifestyle,Brazil,virginia,2200000.0,41600000.0
824604.0,Cinema & Actors/actresses,Any,Indonesia,actorleeminho,2900000.0,31500000.0
662112.0,Sports with a ball,Any,Argentina,paulodybala,1800000.0,51000000.0
773223.0,Music,Any,United States,adele,1800000.0,51000000.0
814306.0,Lifestyle,Modeling,United States,haileybieber,1700000.0,49600000.0
760128.0,Modeling,Lifestyle,United States,gigihadid,1100000.0,76400000.0
805850.0,Cinema & Actors/actresses,Any,Indonesia,jongsuk0206,3200000.0,24600000.0
735078.0,Modeling,Lifestyle,Brazil,sadiesink_,3100000.0,25400000.0
937986.0,Cinema & Actors/actresses,Any,India,shraddhakapoor,989100.0,76900000.0
865883.0,Cinema & Actors/actresses,Any,United States,gal_gadot,813100.0,92300000.0
605024.0,Sports with a ball,Lifestyle,Brazil,vinijr,2600000.0,28100000.0
671524.0,Modeling,Any,United States,bellahadid,1300000.0,56600000.0
951500.0,Beauty,Any,India,katrinakaif,1000000.0,69300000.0
562958.0,Sports with a ball,Lifestyle,Brazil,richarlison,3500000.0,20100000.0
823900.0,Music,Any,Indonesia,real__pcy,3000000.0,23900000.0
794805.0,Humor & Fun & Happiness,Clothing & Outfits,Mexico,luisitocomunica,2100000.0,32900000.0
809831.0,Music,Any,United States,shakira,884100.0,77900000.0
832215.0,Music,Any,United States,theweeknd,1400000.0,46500000.0
824638.0,Sports with a ball,Any,Indonesia,fcbarcelona,584500.0,114800000.0
703667.0,Cinema & Actors/actresses,Any,United States,blakelively,1800000.0,37000000.0
833500.0,Cinema & Actors/actresses,Any,India,iamsrk,2000000.0,33500000.0
868934.0,Beauty,Art/Artists,India,rashmika_mandanna,1800000.0,35600000.0
918164.0,Music,Any,United States,ddlovato,434000.0,144200000.0
746637.0,Sports with a ball,Any,Indonesia,mosalah,1100000.0,55000000.0
707767.0,Cinema & Actors/actresses,Any,Brazil,jenniferaniston,1500000.0,41100000.0
644712.0,Cinema & Actors/actresses,Any,India,danbilzerian,1800000.0,33600000.0
779200.0,Cinema & Actors/actresses,Any,Turkey,handemiyy,2000000.0,29200000.0
613393.0,Cinema & Actors/actresses,Any,United States,meganfox,2700000.0,20800000.0
784000.0,Music,Any,United States,madisonbeer,1600000.0,34000000.0
831491.0,Cinema & Actors/actresses,Any,United States,dovecameron,1100000.0,48400000.0
905693.0,Cinema & Actors/actresses,Any,India,akshaykumar,856200.0,63600000.0
834764.0,Music,Any,Indonesia,blackpinkofficial,1100000.0,51400000.0
695067.0,Cinema & Actors/actresses,Any,Brazil,lilireinhart,1800000.0,28400000.0
764915.0,Music,Any,United States,chrisbrownofficial,414200.0,127300000.0
835040.0,Sports with a ball,Any,Brazil,championsleague,505900.0,101100000.0
886737.0,Cinema & Actors/actresses,Modeling,Indonesia,bn_sj2013,2200000.0,23100000.0
739986.0,Finance & Economics,Business & Careers,Brazil,jairmessiasbolsonaro,2100000.0,25700000.0
824670.0,Family,Sports with a ball,India,davidbeckham,664600.0,76400000.0
975366.0,Cinema & Actors/actresses,Any,India,priyankachopra,607900.0,84100000.0
718400.0,Music,Any,United States,niallhoran,1600000.0,30900000.0
832360.0,Cinema & Actors/actresses,Any,India,chrishemsworth,885400.0,56100000.0
836668.0,Cinema & Actors/actresses,Any,India,deepikapadukone,688100.0,70500000.0
692420.0,Music,Any,Mexico,lelepons,958700.0,50300000.0
859675.0,Cinema & Actors/actresses,Any,Brazil,vindiesel,558800.0,84800000.0
633485.0,Cinema & Actors/actresses,Any,United States,tchalamet,2600000.0,18100000.0
852646.0,Cinema & Actors/actresses,Any,India,robertdowneyjr,861100.0,53900000.0
867496.0,Cinema & Actors/actresses,Lifestyle,India,dishapatani,830300.0,55500000.0
716000.0,Cinema & Actors/actresses,Any,Mexico,ester_exposito,1600000.0,28500000.0
746589.0,Cinema & Actors/actresses,Any,United States,zacefron,786100.0,56600000.0
914333.0,Lifestyle,Shows,United States,charlidamelio,908700.0,48700000.0
707411.0,Sports with a ball,Any,Argentina,angeldimariajm,1900000.0,23200000.0
690167.0,Sports with a ball,Any,Italy,iamzlatanibrahimovic,760900.0,57100000.0
692820.0,Sports with a ball,Any,Brazil,luissuarez9,949300.0,45500000.0
701119.0,Cinema & Actors/actresses,Any,United States,michaelbjordan,2200000.0,19300000.0
789478.0,Any,Any,India,yawnzzn,3600000.0,11700000.0
846830.0,Music,Any,Indonesia,oohsehun,1700000.0,23300000.0
600548.0,Music,Any,United States,6ix9ine,1900000.0,21600000.0
660492.0,Sports with a ball,Any,Spain,433,672100.0,58200000.0
736634.0,Cinema & Actors/actresses,Any,India,jasonstatham,1200000.0,31800000.0
725250.0,Racing Sports,Any,Brazil,lewishamilton,1200000.0,31000000.0
885587.0,Cinema & Actors/actresses,Any,India,jacquelinef143,574900.0,64400000.00000001
834529.0,Any,Any,Indonesia,_jeongjaehyun,2800000.0,13100000.0
881543.0,Sports with a ball,Any,India,hardikpandya93,1400000.0,24400000.0
860406.0,Cinema & Actors/actresses,Any,United States,chrisevans,1900000.0,18300000.0
865071.0,Clothing & Outfits,Lifestyle,Mexico,kimberly.loaiza,963100.0,36600000.0
694400.0,Sports with a ball,Any,Morocco,achrafhakimi,2500000.0,14400000.0
823600.0,Music,Any,Indonesia,realstraykids,1500000.0,23600000.0
840246.0,Sports with a ball,Any,Poland,_rl9,1100000.0,31700000.0
580267.0,Music,Any,United States,theestallion,1200000.0,30100000.0
949177.0,Sports with a ball,Lifestyle,India,rohitsharma45,1300000.0,26100000.0
712735.0,Music,Any,Italy,maluma,544600.0,62900000.0
733131.0,Sports with a ball,Any,Spain,marcelotwelve,546200.0,60300000.0
822500.0,Cinema & Actors/actresses,Any,Indonesia,jichangwook,1500000.0,22500000.0
959715.0,Music,Any,Brazil,katyperry,175200.0,184600000.0
808915.0,Cinema & Actors/actresses,Any,Brazil,henrycavill,1400000.0,23200000.0
781600.0,Cinema & Actors/actresses,Any,United States,lucyhale,1300000.0,24600000.0
706576.0,Music,Any,United States,tyga,845000.0,37700000.0
821700.0,Computers & Gadgets,Any,United States,pewdiepie,1500000.0,21700000.0
865100.0,Cinema & Actors/actresses,Any,South Korea,hi_high_hiy,2000000.0,15100000.0
562325.0,Sports with a ball,Any,Argentina,rodridepaul,2900000.0,10600000.0
748494.0,Sports with a ball,Any,Spain,sergioramos,561100.0,54500000.0
758467.0,Shows,Lifestyle,India,rohittt_09_,1200000.0,24800000.0
909821.0,Modeling,Any,India,kritisanon,587700.0,51900000.0
763067.0,Music,Cinema & Actors/actresses,Brazil,finnwolfhardofficial,1200000.0,25900000.0
835824.0,Cinema & Actors/actresses,Any,India,hrithikroshan,667700.0,44600000.0
839415.0,Cinema & Actors/actresses,Art/Artists,India,beingsalmankhan,529800.0,56100000.0
857854.0,Lifestyle,Any,India,sidhu_moosewala,2600000.0,11700000.0
861156.0,Cinema & Actors/actresses,Any,India,saraalikhan95,710700.0,41400000.0
805174.0,Music,Any,Argentina,bizarrap,1900000.0,15700000.0
632848.0,Music,Any,United States,sza,2100000.0,13800000.0
688972.0,Cinema & Actors/actresses,Any,Indonesia,hi_songjoongki,2800000.0,10400000.0
679700.0,Fitness & Gym,Lifestyle,India,miakhalifa,1000000.0,27700000.0
771239.0,Shows,Humor & Fun & Happiness,United States,mrbeast,1300000.0,21700000.0
780441.0,Food & Cooking,Any,Turkey,cznburak,676700.0,42300000.0
751843.0,Any,Any,Mexico,songkang_b,1900000.0,15000000.0
512200.0,Modeling,Any,Brazil,eumirellasantos,2400000.0,12200000.0
540350.0,Sports with a ball,Any,Argentina,juliaanalvarez,3200000.0,9100000.0
929995.0,Music,Any,India,nehakakkar,386000.0,73000000.0
739800.0,Sports with a ball,Any,Spain,lukamodric10,1000000.0,26900000.0
1035697.0,Nature & landscapes,Science,United States,natgeo,112300.0,250300000.0
540250.0,Sports with a ball,Any,Argentina,juliaanalvarez,3200000.0,9000000.0
785434.0,Music,Any,Spain,rosalia.vt,1200000.0,23100000.0
892700.0,Cinema & Actors/actresses,Any,India,thedeverakonda,1600000.0,17700000.0
555106.0,Music,Any,Brazil,melissamelmaia,1700000.0,16399999.999999998
868865.0,Music,Any,China,jacksonwang852g7,884300.0,30800000.0
912067.0,Cinema & Actors/actresses,Any,India,jannatzubair29,599400.0,45200000.0
676767.0,Lifestyle,Sports with a ball,United Kingdom,emi_martinez26,2700000.0,10100000.0
775034.0,Cinema & Actors/actresses,Shows,Brazil,strangerthingstv,1200000.0,22200000.0
705600.0,Lifestyle,Sports with a ball,Brazil,erling.haaland,1200000.0,21600000.0
578500.0,Lifestyle,Any,Brazil,carlinhosmaiaof,1000000.0,26400000.0
803785.0,Literature & Journalism,Cinema & Actors/actresses,United States,emmawatson,379600.0,68800000.0
896417.0,Music,Any,Brazil,camila_cabello,392600.0,65800000.0
645267.0,Lifestyle,Modeling,United States,lanarhoades,1500000.0,16600000.000000002
794273.0,Cinema & Actors/actresses,Music,United States,eminem,679200.0,37500000.0
802367.0,Any,Any,Indonesia,na.jaemin0813,2400000.0,10700000.0
721269.0,Beauty,Any,United States,addisonraee,637900.0,39500000.0
600485.0,Family,Sports with a ball,Brazil,luvadepedreiro,1300000.0,20100000.0
763300.0,Music,Any,United States,dojacat,1000000.0,25000000.0
814441.0,Cinema & Actors/actresses,Any,India,emilia_clarke,922600.0,27100000.0
678667.0,Sports with a ball,Any,Spain,pablogavi,2100000.0,12000000.0
750677.0,Music,Any,Argentina,tinistoessel,1300000.0,19600000.0
555776.0,Cinema & Actors/actresses,Any,Brazil,viihtube,947800.0,25600000.0
730100.0,Cinema & Actors/actresses,Modeling,Brazil,ursulolita,1000000.0,23000000.0
864254.0,Clothing & Outfits,Music,Indonesia,skuukzky,1300000.0,18100000.0
761900.0,Art/Artists,Any,United States,banksy,2000000.0,11900000.0
552313.0,Lifestyle,Cinema & Actors/actresses,United States,sydney_sweeney,1600000.0,14500000.0
638665.0,Sports with a ball,Any,Indonesia,hazardeden_10,865300.0,27200000.0
884700.0,Lifestyle,Any,Indonesia,imhyoseop,2400000.0,9700000.0
845789.0,Sports with a ball,Family,United States,stephencurry30,477200.0,47800000.0
921273.0,Cinema & Actors/actresses,Shows,India,kapilsharma,520700.00000000006,43800000.0
794115.0,Any,Any,Indonesia,seonho__kim,2800000.0,8400000.0
748434.0,Cinema & Actors/actresses,Any,Indonesia,leedongwook_official,1500000.0,15100000.0
599519.0,Music,Any,Brazil,anitta,340100.0,63500000.0
632110.0,Sports with a ball,Any,United Kingdom,paulpogba,378400.0,56000000.0
859088.0,Beauty,Modeling,India,samantharuthprabhuoffl,871000.0,24300000.0
862654.0,Computers & Gadgets,Machinery & Technologies,India,carryminati,1300000.0,16500000.0
774106.0,Fitness & Gym,Any,United States,loganpaul,860300.0,24600000.0
849164.0,Cinema & Actors/actresses,Any,India,alluarjunonline,1100000.0,19800000.0
814200.0,Music,Any,Indonesia,zkdlin,1500000.0,14200000.0
623260.0,Sports with a ball,Any,Brazil,psg,322800.0,64400000.00000001
590248.0,Sports with a ball,Any,Iran,alidaei,1900000.0,11300000.0
740106.0,Cinema & Actors/actresses,Any,Russia,madelame,817400.0,25400000.0
724272.0,Music,Cinema & Actors/actresses,Mexico,lizgillz,1400000.0,14200000.0
694972.0,Sports with a ball,Any,Iran,aliiiiiiiikarimi8,1400000.0,14400000.0
843039.0,Music,Any,Brazil,sabrinacarpenter,717600.0,28100000.0
625236.0,Cinema & Actors/actresses,Any,Brazil,juliette,622200.0,32500000.0
846967.0,Cinema & Actors/actresses,Any,Indonesia,bbrightvc,1200000.0,16800000.0
691119.0,Lifestyle,Any,Turkey,momo,2200000.0,9300000.0
543734.0,Music,Any,United States,liluzivert,1200000.0,16900000.0
578662.0,Music,Any,United States,offsetyrn,944500.0,20800000.0
578662.0,Music,Any,United States,offsetyrn,944500.0,20800000.0
882581.0,Cinema & Actors/actresses,Music,United States,willsmith,313300.0,62600000.0
603297.0,Sports with a ball,Any,Argentina,kunaguero,751000.0,25800000.0
841313.0,Lifestyle,Any,Mexico,domelipa,927600.0,20700000.0
824026.0,Music,Any,United States,iambeckyg,548500.0,34600000.0
895470.0,Cinema & Actors/actresses,Any,India,anushkasen0408,487700.0,39000000.0
860877.0,Shows,Cinema & Actors/actresses,India,awez_darbar,714700.0,26400000.0
642367.0,Lifestyle,Shows,United States,emmachamberlain,1200000.0,16200000.0
733908.0,Cinema & Actors/actresses,Any,Mexico,juanpazurita,594500.0,31300000.0
603567.0,Music,Any,Brazil,mclomaofficial,1500000.0,12300000.0
803100.0,Music,Any,Brazil,bambam1a,1100000.0,17100000.0
563865.0,Music,Any,United States,lilbaby,873100.0,21200000.0
806924.0,Cinema & Actors/actresses,Any,United States,vancityreynolds,384300.0,47100000.0
1022905.0,Fitness & Gym,Shopping & Retail,United States,nike,72800.0,252300000.0
834430.0,Lifestyle,Modeling,Indonesia,renebaebae,1700000.0,10900000.0
823300.0,Lifestyle,Any,Indonesia,do0_nct,1600000.0,10800000.0
780790.0,Music,Any,Brazil,maisa,386400.0,45800000.0
724706.0,Sports with a ball,Any,Colombia,jamesrodriguez10,348700.0,50200000.0
907723.0,Cinema & Actors/actresses,Any,India,urvashirautela,291000.0,60300000.0
823800.0,Lifestyle,Any,Indonesia,enhypen,1600000.0,11300000.0
919553.0,Cinema & Actors/actresses,Any,India,shahidkapoor,471700.0,37000000.0
787678.0,Lifestyle,Any,Indonesia,onyourm__ark,1800000.0,9900000.0
633222.0,Sports with a ball,Any,Brazil,ronaldo,661700.0,26300000.0
851306.0,Lifestyle,Any,Brazil,nayeonyny,1900000.0,9200000.0
655977.0,Modeling,Any,United States,emrata,567800.0,29700000.0
622303.0,Cinema & Actors/actresses,Any,Brazil,brunamarquezine,386900.0,43600000.0
748645.0,Cinema & Actors/actresses,Any,Brazil,camimendes,614600.0,27200000.0
692861.0,Cinema & Actors/actresses,Any,United States,iansomerhalder,696200.0,23800000.0
686753.0,Music,Any,Brazil,brunomars,611500.0,26900000.0
873688.0,Lifestyle,Any,Indonesia,riaricis1795,494300.0,32700000.000000004
865550.0,Cinema & Actors/actresses,Any,India,varundvn,357400.0,44900000.0
803728.0,Cinema & Actors/actresses,Any,United States,prattprattpratt,398100.0,40100000.0
810600.0,Lifestyle,Music,Indonesia,holyhaein,1500000.0,10600000.0
666766.0,Shows,Adult content,Brazil,larasilva,897200.0,17300000.0
778513.0,Sports with a ball,Any,Indonesia,m10_official,629300.0,24500000.0
640424.0,Music,Any,Argentina,duki,1300000.0,11500000.0
790624.0,Music,Any,United States,iamhalsey,491100.0,30900000.0
655185.0,Fitness & Gym,Any,India,cbum,1300000.0,11800000.0
613770.0,Music,Any,United States,asaprocky,979000.0,15200000.0
547028.0,Music,Lifestyle,Brazil,aron.piper,1100000.0,13300000.0
696014.0,Cinema & Actors/actresses,Lifestyle,United States,therealcalebmclaughlin,968400.0,15200000.0
876667.0,Lifestyle,Music,Australia,taeoxo_nct,1500000.0,10000000.0
696700.0,Cinema & Actors/actresses,Any,United States,louispartridge_,1600000.0,9200000.0
757647.0,Art/Artists,Shows,Indonesia,attahalilintar,558800.0,25900000.0
807591.0,Cinema & Actors/actresses,Any,United States,haileesteinfeld,723000.0,19900000.0
841434.0,Music,Any,Indonesia,min9yu_k,1800000.0,8100000.0
884000.0,Any,Any,India,thinkaboutzu,1600000.0,9000000.0
724786.0,Lifestyle,Any,Indonesia,xeesoxee,1400000.0,10500000.0
798789.0,Lifestyle,Art/Artists,India,riyaz.14,521200.00000000006,27300000.0
738381.0,Humor & Fun & Happiness,Any,United States,pubity,442900.0,31900000.0
664147.0,Music,Lifestyle,Brazil,mariliamendoncacantora,339200.0,41800000.0
484461.0,Lifestyle,Sports with a ball,Argentina,enzojfernandez,2300000.0,6200000.0
655559.0,Any,Any,United States,ememyers,1700000.0,8500000.0
759000.0,Sports with a ball,Any,Morocco,hziyech,1600000.0,9000000.0
820150.0,Lifestyle,Gaming,Mexico,arigameplays,1200000.0,11900000.0
843027.0,Music,Any,Indonesia,somsomi0309,852900.0,16200000.0
752923.0,Family,Lifestyle,Russia,samoylovaoxana,897600.0,15400000.0
708005.0,Shows,Beauty,United States,krisjenner,269100.0,51000000.0
776018.0,Music,Cinema & Actors/actresses,Brazil,gatenm123,727700.0,18700000.0
688650.0,Lifestyle,Art/Artists,Mexico,iamferv,1200000.0,11400000.0
665585.0,Sports with a ball,Any,Indonesia,garethbale11,278100.0,48900000.0
842394.0,Cinema & Actors/actresses,Fitness & Gym,Argentina,germangarmendia,895800.0,15200000.0
572350.0,Literature & Journalism,Shows,Italy,fabriziorom,1200000.0,11600000.0
527400.0,Music,Any,United States,trippieredd,1000000.0,13500000.0
790791.0,Music,Any,Indonesia,bighit_ent,1100000.0,12700000.0
724874.0,Modeling,Any,Brazil,perrieedwards,806300.0,16700000.0
859266.0,Lifestyle,Cinema & Actors/actresses,India,janhvikapoor,638700.0,21000000.0
713664.0,Lifestyle,Cinema & Actors/actresses,Brazil,iammichelemorroneofficial,844600.0,15700000.0
729576.0,Food & Cooking,Any,Turkey,nusr_et,267000.0,49800000.0
739619.0,Music,Any,United States,liampayne,541600.0,24700000.0
552828.0,Music,Art/Artists,United States,kendricklamar,1100000.0,12100000.0
857014.0,Cinema & Actors/actresses,Music,India,norafatehi,301200.0,43600000.0
677287.0,Music,Any,United States,postmalone,568100.0,23000000.0
723104.0,Cinema & Actors/actresses,Any,Brazil,nina,497200.0,26000000.0
834744.0,Any,Any,Indonesia,soohyun_k216,919400.0,14100000.0
889953.0,Lifestyle,Any,Philippines,chaeyo.0,1700000.0,7600000.0
757650.0,Music,Any,United States,britneyspears,315900.0,41600000.0
899911.0,Music,Art/Artists,Mexico,juandediospantoja,559300.0,23100000.0
721400.0,Cinema & Actors/actresses,Any,United States,madelyncline,1000000.0,12600000.0
657727.0,Sports with a ball,Any,Spain,antogriezmann,336600.0,38000000.0
841113.0,Music,Any,South Korea,taeyeon_ss,674400.0,18900000.0
927409.0,Beauty,Cinema & Actors/actresses,India,keerthysureshofficial,903200.0,14100000.0
901437.0,Lifestyle,Music,Indonesia,yellow_3to3,1900000.0,6700000.0
820800.0,Lifestyle,Any,Yemen,m.by__sana,1600000.0,8300000.000000001
722090.0,Music,Any,United States,marshmello,418900.0,29800000.0
821352.0,Music,Any,Indonesia,nct,834500.0,15000000.0
784425.0,Music,Any,Mexico,keniaos,869600.0,14300000.0
640594.0,Sports with a ball,Any,Brazil,phil.coutinho,494400.0,25100000.0
663974.0,Modeling,Any,United States,sommerray,475800.0,26100000.0
710750.0,Sports with a ball,Any,Brazil,danialves,322600.0,38400000.0
594176.0,Music,Any,Brazil,zefelipecantor,487800.0,25500000.0
650921.0,Cinema & Actors/actresses,Any,Brazil,larissamanoela,258200.0,47900000.0
707099.0,Music,Any,Spain,rauwalejandro,779900.0,15600000.0
918255.0,Cinema & Actors/actresses,Any,India,alwaysramcharan,1100000.0,10800000.0
713083.0,Lifestyle,Any,United Kingdom,ishowspeed,1700000.0,7200000.0
794715.0,Lifestyle,Any,Indonesia,clean_0828,1400000.0,9000000.0
943361.0,Finance & Economics,Business & Careers,United States,michelleobama,233800.0,52000000.0
933210.0,Cinema & Actors/actresses,Any,United States,kevinhart4real,75400.0,160000000.0
787344.0,Lifestyle,Music,United States,bellapoarch,881300.0,13600000.0
832274.0,Cinema & Actors/actresses,Any,India,ashishchanchlani,826900.0,14400000.0
794562.0,Music,Any,United States,jessicah_o,918300.0,12900000.0
681748.0,Cinema & Actors/actresses,Any,Brazil,paulwesley,943000.0,12500000.0
758659.0,Cinema & Actors/actresses,Any,United States,sophiet,798700.0,14700000.0
765032.0,Music,Any,Argentina,daddyyankee,247900.0,47000000.0
661114.0,Sports with a ball,Any,United Kingdom,kevindebruyne,587700.0,19800000.0
766968.0,Shows,Cinema & Actors/actresses,Colombia,greeicy,533500.0,21700000.0
825973.0,Cinema & Actors/actresses,Modeling,India,sidmalhotra,532100.0,21800000.0
823242.0,Cinema & Actors/actresses,Any,India,bhuvan.bam22,761500.0,15100000.0
767485.0,Lifestyle,Music,Indonesia,johnnyjsuh,1300000.0,9100000.0
814959.0,Modeling,Cinema & Actors/actresses,India,mr_faisu_07,401700.0,28800000.0
755161.0,Modeling,Any,Indonesia,heybiblee,787000.0,14500000.0
882100.0,Any,Any,Indonesia,mina_sr_my,1600000.0,7100000.0
865243.0,Cinema & Actors/actresses,Any,Brazil,josephquinn,1400000.0,8100000.0
749954.0,Cinema & Actors/actresses,Any,Indonesia,m_kayoung,1300000.0,8800000.0
689404.0,Music,Any,Argentina,nicki.nicole,847400.0,13100000.0
810305.0,Photography,Fashion,Indonesia,xxxibgdrgn,506400.0,21600000.0
852517.0,Cinema & Actors/actresses,Art/Artists,India,angelrai07,448300.0,24500000.0
839919.0,Humor & Fun & Happiness,Any,Indonesia,9gag,187000.0,58100000.0
895300.0,Cinema & Actors/actresses,Any,India,sonu_sood,536000.0,20300000.0
714202.0,Sports with a ball,Any,United Kingdom,sadiomaneofficiel,832000.0,13000000.0
552226.0,Sports with a ball,Any,Brazil,cbf_futebol,687200.0,15700000.0
836190.0,Music,Any,Indonesia,itzy.all.in.us,593700.0,18100000.0
856906.0,Cinema & Actors/actresses,Any,India,tigerjackieshroff,298000.0,36100000.0
515293.0,Music,Any,Brazil,eumarielysantos,1300000.0,8600000.0
753225.0,Music,Any,Brazil,louist91,576600.0,18400000.0
868865.0,Music,Cinema & Actors/actresses,Mexico,nattinatasha,293000.0,36100000.0
887449.0,Cinema & Actors/actresses,Any,India,avneetkaur_13,322200.0,32700000.000000004
619618.0,Cinema & Actors/actresses,Any,Brazil,jacobelordi,806800.0,12900000.0
690715.0,Sports with a ball,Any,Brazil,casemiro,545700.0,19100000.0
896155.0,Music,Any,Indonesia,aespa_official,1100000.0,9700000.0
549873.0,Sports with a ball,Any,Brazil,antony00,1100000.0,9600000.0
793115.0,Lifestyle,Any,Indonesia,_zyozyo,1400000.0,7400000.0
905029.0,Cinema & Actors/actresses,Any,India,parineetichopra,261800.0,39100000.0
851695.0,Cinema & Actors/actresses,Any,India,kajalaggarwalofficial,414000.0,24400000.0
862646.0,Music,Any,South Korea,hyunah_aa,539900.0,18600000.0
871083.0,Sports with a ball,Lifestyle,India,sachintendulkar,268000.0,37500000.0
810297.0,Cinema & Actors/actresses,Modeling,India,ranveersingh,236000.0,42500000.0
721486.0,Music,Any,United States,conangray,1400000.0,7200000.0
708651.0,Lifestyle,Any,Russia,caviarmagnat,641800.0,15600000.0
900137.0,Any,Any,Indonesia,haechanahceah,1900000.0,5400000.0
765520.0,Sports with a ball,Any,Brazil,adidasfootball,309100.0,32100000.0
821305.0,Beauty,Any,Indonesia,aurelie.hermansyah,333500.0,29700000.0
853501.0,Any,Any,Mexico,mont.pantoja,786300.0,12600000.0
646067.0,Sports with a ball,Any,Italy,lautaromartinez,1200000.0,8400000.0
849258.0,Lifestyle,Music,Indonesia,kimjuncotton,940200.0,10500000.0
603907.0,Shows,Any,Mexico,manurios,881400.0,11100000.0
665735.0,Cinema & Actors/actresses,Lifestyle,United States,c.syresmith,503300.0,19400000.0
686788.0,Music,Any,Spain,anuel,324100.0,30200000.0
738360.0,Music,Any,Brazil,coldplay,478300.0,20400000.0
609932.0,Music,Any,United States,lilnasx,776900.0,12300000.0
615985.0,Cinema & Actors/actresses,Modeling,Brazil,hero_ft,1300000.0,7600000.0
818600.0,Any,Any,Brazil,jy_piece,1600000.0,6100000.0
722066.0,Music,Any,United States,charlieputh,547700.0,17300000.0
899689.0,Music,Any,Indonesia,saythename_17,891800.0,10700000.0
759517.0,Modeling,Fashion,Russia,realbarbarapalvin,506400.0,18600000.0
873167.0,Lifestyle,Any,China,for_everyoung10,1500000.0,6500000.0
619856.0,Cinema & Actors/actresses,Any,United States,jakepaul,437700.0,21500000.0
730846.0,Art/Artists,Any,Spain,ibaillanos,1100000.0,8300000.000000001
850742.0,Lifestyle,Any,Indonesia,_imyour_joy,648300.0,14400000.0
375750.0,Family,Any,Brazil,mcdanieloficiall,1200000.0,8000000.0
732342.0,Music,Any,Italy,fedez,642900.0,14500000.0
847318.0,Cinema & Actors/actresses,Any,Turkey,burakozcivit,415900.0,22600000.0
484817.0,Any,Any,Brazil,mariasbaby,1200000.0,7900000.0
724288.0,Music,Any,Mexico,dannapaola,267300.0,34800000.0
624564.0,Sports with a ball,Any,Argentina,leoparedes20,1100000.0,8199999.999999999
748073.0,Any,Any,Indonesia,yuu_taa_1026,1100000.0,8800000.0
822482.0,Any,Any,Indonesia,leejen_o_423,2200000.0,4300000.0
495234.0,Music,Any,Brazil,taina,562500.0,16300000.0
810642.0,Modeling,Any,Indonesia,hi_sseulgi,719100.0,12700000.0
838458.0,Beauty,Cinema & Actors/actresses,India,sunnyleone,168100.0,54400000.0
850596.0,Cinema & Actors/actresses,Any,Indonesia,yoona__lim,635900.0,14300000.0
693806.0,Modeling,Fashion,Brazil,gisele,448400.0,20300000.0
597856.0,Sports with a ball,Any,Spain,o.dembele7,706600.0,12800000.0
836551.0,Business & Careers,Any,Russia,adamweitsman,457800.0,19600000.0
718399.0,Business & Careers,Any,Russia,hakkiakdenizz,312700.0,28600000.0
886998.0,Sports with a ball,Lifestyle,India,abdevilliers17,449200.0,19900000.0
740622.0,Lifestyle,Any,Brazil,felipeneto,527900.0,17000000.0
622562.0,Music,Art/Artists,United States,bellathorne,350600.0,25300000.0
805923.0,Shows,Modeling,United States,chrissyteigen,221200.0,40100000.0
889515.0,Cinema & Actors/actresses,Any,India,hegdepooja,400800.0,22000000.0
791353.0,Music,Any,Indonesia,tenlee_1001,862700.0,10200000.0
653856.0,Music,Any,Argentina,paulolondra,632700.0,13900000.0
746611.0,Family,Music,Argentina,evaluna,418900.0,20900000.0
583888.0,Sports with a ball,Any,United States,houseofhighlights,231000.0,38000000.0
535950.0,Literature & Journalism,Any,United States,toyajohnson,749500.0,11600000.0
590164.0,Any,Any,Brazil,angelinajolie,684300.0,14100000.0
827472.0,Cinema & Actors/actresses,Music,India,shehnaazgill,662800.0,13500000.0
699650.0,Beauty,Any,Italy,chiaraferragni,306100.0,28300000.0
882003.0,Music,Cinema & Actors/actresses,Indonesia,wow_kimsohyun,693500.0,12500000.0
800393.0,Modeling,Any,United States,colesprouse,243500.0,35300000.0
727654.0,Sports with a ball,Any,Spain,frenkiedejong,778200.0,11000000.0
680845.0,Cinema & Actors/actresses,Modeling,United States,maddieziegler,618100.0,13800000.0
751128.0,Shows,Any,Indonesia,raffinagita1717,128900.0,66099999.99999999
852754.0,Lifestyle,Music,Indonesia,mingue.k,1300000.0,6600000.0
660877.0,Music,Lifestyle,Brazil,luisasonza,277700.0,30700000.0
765752.0,Music,Any,Indonesia,jinyoung_0922jy,860600.0,10000000.0
918122.0,Cinema & Actors/actresses,Any,India,urstrulymahesh,911500.0,9400000.0
923567.0,Music,Any,Brazil,dahhyunnee,1200000.0,6900000.0
409090.0,Lifestyle,Any,Brazil,pozevidalouca,863500.0,9900000.0
760214.0,Cinema & Actors/actresses,Music,Indonesia,prillylatuconsina96,166100.0,50400000.0
797460.0,Music,Any,Indonesia,lestykejora,312500.0,26900000.0
863043.0,Any,Any,India,lomon991111,1400000.0,5900000.0
900809.0,Cinema & Actors/actresses,Any,India,ananyapanday,343900.0,24100000.0
590286.0,Sports with a ball,Family,Brazil,lucaspaqueta,936900.0,8900000.0
784691.0,Shows,Beauty,Indonesia,rizkybillar,660500.0,12700000.0
668438.0,Lifestyle,Sports with a ball,Brazil,rodrygogoes,861800.0,9700000.0
693755.0,Shows,Any,Russia,gusein.gasanov,352500.0,23400000.0
656406.0,Music,Family,United States,kehlani,562700.0,14500000.0
851700.0,Any,Any,Indonesia,wwiinn_7,1100000.0,7700000.0
612624.0,Art/Artists,Beauty,United States,bretmanrock,435600.0,18500000.0
419862.0,Lifestyle,Any,Brazil,imcryansp,1300000.0,6400000.0
841088.0,Lifestyle,Music,South Korea,wi__wi__wi,774900.0,10400000.0
717379.0,Music,Cinema & Actors/actresses,Brazil,joeyking,422000.0,18800000.0
738592.0,Cinema & Actors/actresses,Lifestyle,Egypt,yasmine_sabri,394800.0,20000000.0
648357.0,Music,Any,Brazil,gusttavolima,179500.0,43900000.0
617725.0,Cinema & Actors/actresses,Any,Brazil,ncentineo,477200.0,16300000.0
907545.0,Cinema & Actors/actresses,Any,India,kiaraaliaadvani,297500.0,26200000.0
898601.0,Music,Cinema & Actors/actresses,India,madhuridixitnene,230600.0,33900000.0
651151.0,Sports with a ball,Any,United Kingdom,marcusrashford,592900.0,13100000.0
856574.0,Beauty,Cinema & Actors/actresses,Philippines,lizasoberano,440300.0,17600000.0
706592.0,Cinema & Actors/actresses,Any,Mexico,lilyjcollins,283300.0,27100000.0
710562.0,Cinema & Actors/actresses,Any,United States,channingtatum,454400.0,16900000.0
830570.0,Food & Cooking,Any,United States,amauryguichon,727100.0,10600000.0
902312.0,Shows,Cinema & Actors/actresses,India,actorprabhas,855900.0,9100000.0
733118.0,Cinema & Actors/actresses,Any,United States,maya_hawke,709700.0,10700000.0
646833.0,Sports with a ball,Any,Spain,pedri,838100.0,9200000.0
720341.0,Music,Any,United States,jasonderulo,354200.0,21300000.0
378867.0,Lifestyle,Sports with a ball,United Kingdom,judebellingham,1500000.0,5200000.0
614719.0,Sports with a ball,Any,Brazil,thiagosilva,357300.0,21100000.0
784243.0,Cinema & Actors/actresses,Any,United States,annehathaway,290200.0,25800000.0
804900.0,Any,Any,Indonesia,sound_of_coups,1500000.0,4900000.0
652419.0,Sports with a ball,Any,Brazil,pele,605200.0,12300000.0
805027.0,Cinema & Actors/actresses,Modeling,Turkey,neslihanatagul,551100.0,13700000.0
695920.0,Cars & Motorbikes,Luxury,Russia,pugachevmark,476100.0,15600000.0
569082.0,Music,Cinema & Actors/actresses,United States,hshq,1100000.0,6900000.0
791501.0,Music,Any,Argentina,cazzu,669100.0,10900000.0
780077.0,Cinema & Actors/actresses,Any,United States,jensenackles,714400.0,10200000.0
851654.0,Music,Any,India,joshu_acoustic,1300000.0,5500000.0
907237.0,Cinema & Actors/actresses,Lifestyle,Indonesia,bramastavrl,281100.0,25700000.0
744320.0,Sports with a ball,Any,India,andresiniesta8,176800.0,40700000.0
841011.0,Cinema & Actors/actresses,Any,India,alexandradaddario,315200.0,22800000.0
690790.0,Sports with a ball,Any,United States,nba,97100.0,73900000.0
532034.0,Art/Artists,Music,United States,nba_youngboy,686700.0,10700000.0
930712.0,Cinema & Actors/actresses,Any,United States,kevinhart4real,45200.0,160800000.0
657674.0,Music,Any,Argentina,camilo,256600.00000000003,27900000.0
862143.0,Any,Any,Colombia,juandam___,1400000.0,5000000.0
564475.0,Music,Art/Artists,United States,bigsean,448900.0,15800000.0
625940.0,Sports with a ball,Any,Brazil,hm_son7,657900.0,10800000.0
798707.0,Cinema & Actors/actresses,Any,Indonesia,kyo1122,520500.0,13500000.0
619112.0,Music,Any,United States,polo.capalot,668900.0,10500000.0
650502.0,Lifestyle,Any,Iran,donya,475200.0,15400000.0
586214.0,Music,Any,United States,jheneaiko,435100.0,16000000.0
908740.0,Cinema & Actors/actresses,Comics & sketches,India,marvel,102800.0,67300000.0
673355.0,Shows,Humor & Fun & Happiness,Indonesia,zachking,281000.0,24600000.0
605533.0,Music,Any,United States,arcangel,477300.0,14500000.0
796234.0,Family,Finance & Economics,United States,princeandprincessofwales,472600.0,14600000.0
799397.0,Cinema & Actors/actresses,Any,India,demetozdemir,435700.0,15600000.0
789899.0,Cinema & Actors/actresses,Any,Russia,thebursin,624600.0,11000000.0
659073.0,Cinema & Actors/actresses,Any,Brazil,cocielo,333400.0,20200000.0
433334.0,Lifestyle,Music,United Kingdom,centralcee,1200000.0,5500000.0
505773.0,Shows,Humor & Fun & Happiness,Brazil,gessicakayane,324900.0,20700000.0
764784.0,Lifestyle,Family,India,surya_14kumar,1200000.0,5700000.0
779806.0,Lifestyle,Any,United Arab Emirates,faz3,448800.0,15100000.0
628674.0,Cinema & Actors/actresses,Any,United States,memezar,294800.0,22500000.0
796071.0,Sports with a ball,Any,India,klrahul,490500.0,13400000.0
567132.0,Beauty,Lifestyle,Brazil,dra.deolanebezerra,439300.0,15800000.0
772534.0,Sports with a ball,Any,Germany,toni.kr8s,179500.0,36600000.0
783656.0,Music,Any,Brazil,_mariahwasa,792900.0,8400000.0
703240.0,Modeling,Cinema & Actors/actresses,United States,anyataylorjoy,719700.0,9200000.0
768664.0,Modeling,Any,United States,hannahstocking,280400.0,23300000.0
472702.0,Lifestyle,Any,Brazil,lucasranngel,318000.0,20500000.0
766615.0,Fitness & Gym,Any,Mexico,canelo,451600.0,14400000.0
588872.0,Cinema & Actors/actresses,Humor & Fun & Happiness,United States,kit.connor,1400000.0,4800000.0
665581.0,Sports with a ball,Literature & Journalism,Italy,alvaromorata,341900.0,18900000.0
832423.0,Shows,Cinema & Actors/actresses,Colombia,cvillaloboss,303900.0,21300000.0
750821.0,Cinema & Actors/actresses,Any,India,dqsalmaan,539300.0,11900000.0
516451.0,Lifestyle,Music,Brazil,mccabelinho,913500.0,7200000.0
912368.0,Lifestyle,Any,Mexico,darianrojasc,825900.0,7900000.0
644428.0,Sports with a ball,Any,Brazil,ronaldinho,91600.0,69100000.0
806656.0,Music,Any,Indonesia,djxiao_888,900500.0,7100000.0
771454.0,Lifestyle,Any,Indonesia,dntlrdl,884000.0,7200000.0
479411.0,Modeling,Fashion,Brazil,jadepicon,295100.0,21600000.0
763934.0,Any,Any,Iran,serna_amini,659300.0,9800000.0
677981.0,Cinema & Actors/actresses,Any,Brazil,miguel.g.herran,470000.0,13300000.0
757787.0,Luxury,Cars & Motorbikes,India,lamborghini,192200.0,32500000.0
548960.0,Music,Any,United States,bhadbhabie,383100.0,16200000.0
544615.0,Humor & Fun & Happiness,Any,Brazil,soueunavida,345100.0,18100000.0
880370.0,Beauty,Any,Indonesia,natashawilona12,153000.0,40500000.0
752280.0,Lifestyle,Any,Indonesia,fuji_an,514400.0,12000000.0
674443.0,Family,Sports with a ball,Italy,papugomez_official,967000.0,6500000.0
671794.0,Sports with a ball,Any,Brazil,gabigol,589300.0,10500000.0
748005.0,Cinema & Actors/actresses,Any,United States,ana_d_armas,701700.0,8800000.0
805079.0,Sports with a ball,Any,Spain,rogerfederer,551400.0,11100000.0
582353.0,Music,Modeling,Brazil,anahi,574300.0,10700000.0
670782.0,Lifestyle,Modeling,United States,mathildtantot,621500.0,9800000.0
686616.0,Sports with a ball,Any,Spain,raphaelvarane,295400.0,20400000.0
541800.0,Sports with a ball,Any,United States,obj,360000.0,16800000.0
960506.0,Music,Any,Indonesia,layzhang,420900.0,14200000.0
718866.0,Sports with a ball,Any,United Kingdom,virgilvandijk,454400.0,13100000.0
641038.0,Music,Any,United States,frenchmontana,175500.0,34200000.0
718866.0,Sports with a ball,Any,United Kingdom,virgilvandijk,454400.0,13100000.0
641038.0,Music,Any,United States,frenchmontana,175500.0,34200000.0
818056.0,Lifestyle,Any,Indonesia,yerimiese,545800.0,10800000.0
702159.0,Music,Cinema & Actors/actresses,India,superstar_dewasi99,430900.0,13600000.0
627865.0,Modeling,Any,United States,parishilton,276100.0,21200000.0
836439.0,Cinema & Actors/actresses,Any,India,jenniferwinget1,414600.0,14200000.0
672025.0,Lifestyle,Any,Brazil,gianlucavacchi,258000.0,22800000.0
719680.0,Sports with a ball,Any,Spain,iscoalarcon,221700.0,26400000.0
831229.0,Music,Any,United States,romeosantos,297500.0,19800000.0
699569.0,Sports with a ball,Any,Spain,thibautcourtois,492100.0,11700000.0
845064.0,Lifestyle,Music,Indonesia,todayis_wendy,805000.0,7300000.0
725148.0,Music,Any,United Kingdom,ksi,464400.0,12400000.0
848526.0,Cinema & Actors/actresses,Any,India,imouniroy,224200.0,25600000.0
501395.0,Lifestyle,Music,United States,melo,618300.0,9400000.0
685918.0,Cinema & Actors/actresses,Any,United States,peytonlist,276000.0,20700000.0
794583.0,Music,Any,Indonesia,yangyang_x2,866500.0,6700000.0
740206.0,Beauty,Cinema & Actors/actresses,India,simonettalein,404900.0,14100000.0
789815.0,Music,Any,Indonesia,everyone_woo,1400000.0,4099999.9999999995
716967.0,Cinema & Actors/actresses,Any,United States,liamhemsworth,436100.0,13000000.0
522458.0,Music,Art/Artists,United States,kingbach,239900.0,23500000.0
878300.0,Any,Any,India,sivakarthikeyan,1000000.0,5500000.0
748300.0,Beauty,Family,United States,shaymitchell,159400.0,35000000.0
757463.0,Cars & Motorbikes,Luxury,United States,bugatti,318800.0,17500000.0
805625.0,Any,Any,Indonesia,txt_bighit,422700.0,13100000.0
678067.0,Sports with a ball,Any,Spain,mterstegen1,402700.0,13800000.0
884493.0,Sports with a ball,Any,India,indiancricketteam,204200.0,27000000.0
556561.0,Literature & Journalism,Trainers & Coaches,Brazil,deiveleonardo,430600.0,12900000.0
789448.0,Modeling,Any,Thailand,davikah,314100.0,17400000.0
852077.0,Music,Any,India,djsnake,556600.0,10000000.0
706159.0,Humor & Fun & Happiness,Any,Brazil,whinderssonnunes,94200.0,58600000.0
799455.0,Music,Any,Indonesia,xuminghao_o,951800.0,5800000.0
580066.0,Sports with a ball,Any,France,memphisdepay,336900.0,16100000.000000002
662052.0,Cinema & Actors/actresses,Any,Indonesia,iqbaal.e,394600.0,13800000.0
557668.0,Music,Cinema & Actors/actresses,United States,barbieferreira,911600.0,6000000.0
583398.0,Music,Any,United States,21savage,366100.0,14700000.0
603750.0,Sports with a ball,Any,Argentina,nicolasotamendi30,787300.0,6900000.0
898193.0,Lifestyle,Any,Philippines,winmetawin,382200.0,14100000.0
837819.0,Cinema & Actors/actresses,Any,India,ileana_official,341800.0,15700000.0
754910.0,Family,Lifestyle,United States,sav.labrant,753100.0,7200000.0
718030.0,Cinema & Actors/actresses,Any,United States,kjapa,292500.0,18200000.0
762640.0,Racing Sports,Any,Italy,charles_leclerc,561400.0,9700000.0
662767.0,Humor & Fun & Happiness,Cinema & Actors/actresses,United States,florencepugh,631700.0,8500000.0
484447.0,Lifestyle,Any,United States,vinniehacker,936600.0,5800000.0
822465.0,Sports with a ball,Any,Indonesia,mancity,143100.0,37000000.0
837734.0,Any,Any,United States,quackity,1200000.0,4400000.0
500473.0,Sports with a ball,Any,United States,ab,427600.0,12400000.0
758886.0,Music,Cinema & Actors/actresses,Brazil,sofiacarson,256200.0,20400000.0
623126.0,Sports with a ball,Any,Brazil,kaka,266600.0,19600000.0
828791.0,Any,Any,Indonesia,d_a___m_i,1100000.0,4700000.0
912561.0,Music,Cinema & Actors/actresses,India,tamannaahspeaks,272200.0,19100000.0
606602.0,Modeling,Lifestyle,India,leaelui,465400.0,11200000.0
536304.0,Lifestyle,Any,Brazil,bocade09,766000.0,6800000.0
846718.0,Modeling,Any,Russia,snejanaonopka15,462100.0,11400000.0
788537.0,Modeling,Lifestyle,India,demirose,258899.99999999997,19900000.0
645549.0,Music,Any,Brazil,wesleysafadao,135200.0,38300000.0
926977.0,Any,Any,South Korea,sugaringcandy,1300000.0,3900000.0
836186.0,Music,Any,Indonesia,7_luhan_m,404500.0,12700000.0
632608.0,Music,Any,Indonesia,agnezmo,169900.0,29900000.0
761359.0,Racing Sports,Any,United States,danielricciardo,662900.0,7700000.0
807763.0,Lifestyle,Music,Indonesia,kun11xd,724900.0,7100000.0
917162.0,Music,Art/Artists,Indonesia,yugyeom,429000.0,11800000.0
911798.0,Cinema & Actors/actresses,Any,United States,thehughjackman,164000.0,30700000.0
603079.0,Music,Any,United States,lilpeep,662100.0,7700000.0
645948.0,Cinema & Actors/actresses,Any,United States,dylansprouse,560800.0,9000000.0
795932.0,Lifestyle,Cinema & Actors/actresses,India,anjimaxuofficially,410600.0,12200000.0
431753.0,Lifestyle,Art/Artists,Brazil,l7nnon,487600.0,10300000.0
820434.0,Lifestyle,Any,Iran,jeonghaniyoo_n,1200000.0,4099999.9999999995
824734.0,Any,Any,Indonesia,k.kbeom,916100.0,5500000.0
594665.0,Music,Any,United States,lukehemmings,626700.0,8100000.0
445874.0,Lifestyle,Any,Brazil,sthefanematos,484300.0,10400000.0
771434.0,Cinema & Actors/actresses,Any,United States,lizakoshy,242700.0,20300000.0
808139.0,Shows,Humor & Fun & Happiness,United States,lexibrookerivera,610700.0,8400000.0
760200.0,Business & Careers,Finance & Economics,Egypt,ahmedabohashima,258399.99999999997,19100000.0
765878.0,Music,Any,Spain,nickyjam,113300.0,43900000.0
779100.0,Beauty,Cinema & Actors/actresses,India,srinidhi_shetty,1000000.0,4800000.0
909880.0,Music,Any,Indonesia,hztttao,439200.0,11200000.0
882653.0,Finance & Economics,Business & Careers,United States,barackobama,138700.0,35500000.0
647177.0,Humor & Fun & Happiness,Any,India,amandacerny,207800.0,23500000.0
686967.0,Sports with a ball,Any,Brazil,roberto_firmino,349200.0,14000000.0
795441.0,Lifestyle,Sports with a ball,Brazil,loud_victor,450200.0,10900000.0
847406.0,Music,Any,India,gururandhawa,146700.0,33500000.0
821608.0,Music,Kids & Toys,Indonesia,nianaguerrero,339400.0,14300000.0
649787.0,Lifestyle,Any,United States,alexadellanos,473900.0,10200000.0
631525.0,Music,Any,United States,machinegunkelly,516700.00000000006,9500000.0
712345.0,Music,Any,Mexico,belindapop,306800.0,15800000.0
870241.0,Sports with a ball,Any,India,smriti_mandhana,707600.0,6900000.0
863495.0,Cinema & Actors/actresses,Any,Egypt,yasminabdelaziz_,295800.0,16300000.0
553347.0,Lifestyle,Sports with a ball,Brazil,matue,562200.0,8700000.0
745692.0,Cinema & Actors/actresses,Any,India,paulwalker,306400.0,15600000.0
854626.0,Cinema & Actors/actresses,Any,India,arishfakhan138,164400.0,29200000.0
467459.0,Humor & Fun & Happiness,Any,Brazil,alfinetei,217900.0,22300000.0
629759.0,Sports with a ball,Any,Italy,mauroicardi,550600.0,8800000.0
706096.0,Lifestyle,Any,United States,yailinlamasviralreal,782800.0,6300000.0
887755.0,Any,Any,Indonesia,jin_bighitentertainment,615600.0,7800000.0
715409.0,Modeling,Music,Italy,maneskinofficial,752600.0,6400000.0
921062.0,Lifestyle,Any,Mexico,elrodrigocontreras,375800.0,12600000.0
654405.0,Sports with a ball,Any,Germany,fcbayern,133300.0,35500000.0
826829.0,Music,Any,Indonesia,nct127,316900.0,14900000.0
495147.0,Lifestyle,Politics,Brazil,nikolasferreiradm,803400.0,6100000.0
702158.0,Sports with a ball,Any,Indonesia,chelseafc,127300.0,36800000.0
642309.0,Music,Any,Brazil,jojotodynho,192000.0,24600000.0
832006.0,Modeling,Lifestyle,Brazil,valentinazenere,436500.0,10700000.0
847720.0,Finance & Economics,Any,Indonesia,jokowi,95200.0,49400000.0
786776.0,Cinema & Actors/actresses,Any,United States,annakendrick47,205400.0,22900000.0
541975.0,Sports with a ball,Any,Brazil,alishalehmann7,453200.0,10200000.0
899124.0,Cinema & Actors/actresses,Any,Mexico,missasinfonia,748300.0,6300000.0
667700.0,Cinema & Actors/actresses,Any,United States,zoeisabellakravitz,559600.0,8300000.000000001
631960.0,Sports with a ball,Any,United States,brfootball,340200.0,13500000.0
701544.0,Sports with a ball,Any,India,fifaworldcup,119600.0,38500000.0
870597.0,Music,Shows,Turkey,hadise,325200.0,14200000.0
662698.0,Lifestyle,Any,Argentina,wanda_nara,296200.0,15500000.0
735929.0,Fitness & Gym,Any,United States,thenotoriousmma,99300.0,46100000.0
700638.0,Sports with a ball,Winter sports,Spain,ansufati,486300.0,9500000.0
791059.0,Cinema & Actors/actresses,Any,Iran,golfarahani,305300.0,15100000.0
731984.0,Sports with a ball,Any,Portugal,portugal,363000.0,12700000.0
834887.0,Music,Lifestyle,Mexico,angela_aguilar_,505700.0,9100000.0
662253.0,Sports with a ball,Any,Brazil,dejesusoficial,221200.0,20300000.0
844827.0,Music,Any,India,darshanravaldz,291200.0,15500000.0
676021.0,Sports with a ball,Any,United States,giannis_an34,322600.0,13900000.0
569104.0,Music,Any,United States,malutrevejo,390600.0,11500000.0
808718.0,Cinema & Actors/actresses,Any,United States,hilaryduff,188300.0,23800000.0
756464.0,Music,Shows,Russia,abdu_rozik,689500.0,6500000.0
727524.0,Music,Any,United States,princeroyce,304100.0,14600000.0
727970.0,Any,Any,Iran,saharghoreyshiofficialpage,381700.0,11700000.0
722880.0,Art/Artists,Cinema & Actors/actresses,United States,lupitanyongo,427100.0,10400000.0
545356.0,Sports with a ball,Winter sports,United States,bronny,654900.0,6800000.0
726500.0,Music,Art/Artists,India,enriqueiglesias,250600.0,17800000.0
858782.0,Cinema & Actors/actresses,Any,United States,leonardodicaprio,79100.0,56000000.0
886210.0,Sports with a ball,Any,India,shikhardofficial,340200.0,12900000.0
754802.0,Music,Cinema & Actors/actresses,United States,victoriajustice,189200.0,23300000.0
813034.0,Lifestyle,Cinema & Actors/actresses,South Korea,_seorina,620600.0,7200000.0
764409.0,Any,Any,Russia,otabek_muhammadalievich,219100.0,20000000.0
808910.0,Music,Art/Artists,Brazil,alok,156100.0,28000000.0
529624.0,Music,Any,Nigeria,wizkidayo,281000.0,16100000.000000002
712933.0,Sports with a ball,Any,Spain,fedevalverde,551400.0,8000000.0
656402.0,Cinema & Actors/actresses,Any,United States,vanessahudgens,89400.0,47900000.0
817052.0,Music,Any,Iraq,nancyajram,126700.0,34100000.0
868638.0,Lifestyle,Music,South Korea,_shotaroo_,745100.0,5800000.0
783439.0,Lifestyle,Beauty,Russia,ler_chek,408700.0,10500000.0
834899.0,Music,Beauty,Indonesia,redvelvet.smtown,354800.0,11900000.0
769098.0,Lifestyle,Fashion,India,nita_shilimkar,348700.0,12000000.0
675067.0,Sports with a ball,Any,Argentina,afaseleccion,396800.0,10500000.0
803095.0,Lifestyle,Family,Germany,julienco_,646000.0,6500000.0
789386.0,Any,Any,Indonesia,you_r_love,639000.0,6600000.0
672653.0,Music,Any,Nigeria,olamide,419200.0,10200000.0
542726.0,Lifestyle,Humor & Fun & Happiness,United States,jackharlow,609900.0,6900000.0
908488.0,Modeling,Any,India,sureshraina3,186600.0,22100000.0
664782.0,Humor & Fun & Happiness,Any,United States,daquan,250200.0,16500000.0
720327.0,Lifestyle,Sports with a ball,United Kingdom,trentarnold66,493800.0,8500000.0
803778.0,Lifestyle,Any,Mexico,karelyruiz,573400.0,7300000.0
734820.0,Lifestyle,Any,Colombia,yefersoncossio,409400.0,10100000.0
757692.0,Cinema & Actors/actresses,Any,Mexico,eizagonzalez,545000.0,7600000.0
718793.0,Lifestyle,Any,Brazil,becaa_barreto,380600.0,10700000.0
875600.0,Lifestyle,Any,South Korea,_chaechae_1,1000000.0,3900000.0
626400.0,Cinema & Actors/actresses,Any,United States,tannerbuchananofficial,1000000.0,4099999.9999999995
812305.0,Modeling,Fashion,Indonesia,tiffanyyoungofficial,301200.0,13500000.0
898074.0,Cinema & Actors/actresses,Any,India,amitabhbachchan,126000.0,32200000.000000004
400955.0,Humor & Fun & Happiness,Any,Brazil,aleoliveiracm,497000.0,8600000.0
564074.0,Music,Any,Spain,myketowers,423000.0,9700000.0
801198.0,Cinema & Actors/actresses,Any,United States,adamsandler,272000.0,14800000.0
741137.0,Sports with a ball,Any,India,juventus,71800.0,55900000.0
753406.0,Music,Art/Artists,India,wizkhalifa,102100.0,39400000.0
706717.0,Music,Clothing & Outfits,United States,dixiedamelio,165100.0,24100000.0
793925.0,Racing Sports,Any,United States,maxverstappen1,426300.0,9500000.0
829653.0,Shows,Any,Russia,subo_m,375800.0,10600000.0
874197.0,Cinema & Actors/actresses,Fitness & Gym,United States,schwarzenegger,173500.0,22900000.0
829479.0,Music,Any,Indonesia,pledis_boos,799900.0,5000000.0
767648.0,Music,Any,Argentina,litkillah,484100.0,8300000.000000001
793844.0,Beauty,Cinema & Actors/actresses,India,mrunalthakur,538500.0,7400000.0
844661.0,Cinema & Actors/actresses,Any,India,diljitdosanjh,274700.0,14300000.0
702361.0,Sports with a ball,Lifestyle,United States,klaythompson,279400.0,14100000.0
672756.0,Lifestyle,Any,Indonesia,fadiljaidi,489500.0,8199999.999999999
872745.0,Cinema & Actors/actresses,Modeling,India,rakulpreet,173500.0,22600000.0
838589.0,Lifestyle,Any,India,shivangijoshi18,526000.0,7600000.0
690275.0,Lifestyle,Family,United States,letthelordbewithyou,139800.0,27900000.0
574393.0,Sports with a ball,Racing Sports,Spain,joaofelix79,635700.0,6200000.0
829571.0,Lifestyle,Sports with a ball,India,yuzi_chahal23,473900.0,8300000.000000001
584620.0,Sports with a ball,Any,United States,tombrady,298800.0,13000000.0
695279.0,Modeling,Fashion,United States,adrianalima,253500.0,15200000.0
540816.0,Modeling,Lifestyle,United States,jordynwoods,304800.0,12600000.0
523403.0,Lifestyle,Sports with a ball,Brazil,pedroguilherme,709400.0,5500000.0
623982.0,Sports with a ball,Any,Spain,easportsfifa,134300.0,28300000.0
829165.0,Lifestyle,Modeling,United States,anastasiya_kvitko,307800.0,12400000.0
580039.0,Lifestyle,Cinema & Actors/actresses,Nigeria,tiwasavage,239700.0,16000000.0
596994.0,Music,Any,Indonesia,anyageraldine,331800.0,11400000.0
871947.0,Lifestyle,Music,Indonesia,dk_is_dokyeom,958700.0,4000000.0
760736.0,Any,Any,Japan,vernonline,754200.0,5100000.0
683495.0,Cinema & Actors/actresses,Any,Indonesia,dindahw,245700.0,15200000.0
802262.0,Music,Any,Indonesia,princessyahrini,90400.0,41200000.0
800561.0,Any,Any,Indonesia,jxxvvxxk,877100.0,4300000.0
577373.0,Lifestyle,Sports with a ball,United Kingdom,philfoden,601500.0,6300000.0
618830.0,Shows,Cinema & Actors/actresses,Brazil,netflixbrasil,109300.0,34200000.0
606213.0,Lifestyle,Cinema & Actors/actresses,United States,onwardwanna,641000.0,5900000.0
808359.0,Music,Shows,Brazil,ivetesangalo,108100.0,35000000.0
763862.0,Shows,Modeling,Indonesia,jessicajane99,618400.0,6100000.0
801576.0,Lifestyle,Any,Indonesia,baifernbah,314100.0,11700000.0
709842.0,Sports with a ball,Any,United Kingdom,premierleague,59700.0,61600000.0
806748.0,Music,Any,Indonesia,weareone.exo,369000.0,10000000.0
863430.0,Music,Lifestyle,France,xsqueezie,456900.0,8100000.0
846994.0,Gaming,Computers & Gadgets,United States,playstation,126300.0,29100000.0
651082.0,Sports with a ball,Any,United Kingdom,manchesterunited,60300.0,60700000.0
752792.0,Sports with a ball,Shows,Brazil,neymarjrsiteoficial,303500.0,12100000.0
586752.0,Cinema & Actors/actresses,Lifestyle,Brazil,ellenpompeo,374100.0,9900000.0
693554.0,Music,Any,Iraq,haifawehbe,333600.0,11000000.0
666903.0,Sports with a ball,Any,Spain,marcoasensio10,244900.0,14800000.0
527299.0,Sports with a ball,Any,United States,bleacherreport,180600.0,20100000.0
689482.0,Shows,Any,Brazil,camilaloures,194400.0,18700000.0
734310.0,Modeling,Lifestyle,United States,jailyneojeda,255100.0,14200000.0
773350.0,Lifestyle,Any,Indonesia,ho5hi_kwon,850400.0,4300000.0
865738.0,Lifestyle,Any,Mexico,briandadeyanara,258000.0,13800000.0
411354.0,Lifestyle,Any,Brazil,alvxaro,336700.0,10700000.0
371114.0,Music,Any,United States,thegirljt,609400.0,6000000.0
660164.0,Music,Any,Argentina,wos.ds3,533700.0,6800000.0
709451.0,Sports with a ball,Any,Germany,manuelneuer,291000.0,12200000.0
682347.0,Lifestyle,Music,United States,naileadevora,668000.0,5400000.0
589893.0,Sports with a ball,Shows,United States,sportscenter,108900.0,32500000.0
830351.0,Beauty,Lifestyle,Indonesia,dew_jsu,535300.0,6700000.0
804750.0,Racing Sports,Any,Indonesia,valeyellow46,241600.0,14600000.0
700206.0,Machinery & Technologies,Computers & Gadgets,Brazil,nobru,256300.0,13900000.0
811807.0,Cinema & Actors/actresses,Any,Turkey,afrasaracoglu,625600.0,5700000.0
781056.0,Music,Cinema & Actors/actresses,Indonesia,vousmevoyez,336900.0,10500000.0
791062.0,Humor & Fun & Happiness,Any,United States,fuckjerry,211400.0,16700000.0
830497.0,Cinema & Actors/actresses,Any,United States,salmahayek,159100.0,22200000.0
745013.0,Music,Art/Artists,Argentina,sebastianyatra,117900.0,30000000.0
785836.0,Sports with a ball,Any,Algeria,riyadmahrez26.7,365400.0,9700000.0
645696.0,Music,Cinema & Actors/actresses,Indonesia,aliandooo,202900.0,17800000.0
761643.0,Music,Any,Iraq,myriamfares,155700.0,22400000.0
716406.0,Music,Any,United States,arcticmonkeys,653300.0,5400000.0
702913.0,Adult content,Any,Albania,eilirjani,323600.0,10700000.0
826722.0,Music,Any,Brazil,simonemendes,97000.0,36000000.0
511711.0,Music,Any,Brazil,mchariel,330400.0,10500000.0
457470.0,Any,Any,United States,rodwave,584000.0,6100000.0
444493.0,Music,Any,Argentina,tiagopzk,602700.0,5800000.0
674721.0,Humor & Fun & Happiness,Lifestyle,United States,hichasestokes,489200.0,7100000.0
714586.0,Music,Any,Brazil,simaria,123400.0,28200000.0
878977.0,Fashion,Modeling,India,sonamkapoor,100500.0,34200000.0
885153.0,Cinema & Actors/actresses,Any,India,nehasharmaofficial,229500.0,15000000.0
701912.0,Beauty,Any,United States,jamescharles,154500.0,22300000.0
568083.0,Cinema & Actors/actresses,Politics,United Kingdom,joelocke03,978600.0,3500000.0
791645.0,Beauty,Any,Turkey,araikgalstyanmoscowschool,172100.0,20000000.0
890699.0,Cinema & Actors/actresses,Any,India,i_nivethathomas,535400.0,6500000.0
926355.0,Cinema & Actors/actresses,Any,India,anupamaparameswaran96,264600.0,12900000.0
812077.0,Racing Sports,Any,Italy,f1,157500.0,21600000.0
726261.0,Music,Any,Iran,realshadmehr,423700.0,8300000.000000001
754176.0,Sports with a ball,Any,United Kingdom,liverpoolfc,82600.0,41100000.0
759316.0,Music,Any,Brazil,littlemix,205300.0,16500000.0
548597.0,Music,Any,United States,chieffkeeffsossa,432300.0,8000000.0
846930.0,Cinema & Actors/actresses,Music,India,raashiikhanna,389200.0,8800000.0
824810.0,Modeling,Any,Indonesia,syifahadjureal,213100.0,15800000.0
698037.0,Fitness & Gym,Any,United States,kingryan,374200.0,9100000.0
815253.0,Cinema & Actors/actresses,Modeling,Italy,canyaman,337700.0,10100000.0
777805.0,Lifestyle,Any,India,romanreigns,498700.0,6800000.0
901294.0,Any,Any,Brazil,karljacobs,731800.0,4600000.0
799184.0,Racing Sports,Cars & Motorbikes,Italy,landonorris,560400.0,6000000.0
908226.0,Music,Modeling,Indonesia,nct_dream,302900.0,10900000.0
802109.0,Cinema & Actors/actresses,Any,Indonesia,baimwong,186000.0,17700000.0
677661.0,Cinema & Actors/actresses,Shows,Brazil,lacasadepapel,271200.0,12100000.0
630119.0,Sports with a ball,Any,United States,noahbeck,370300.0,9000000.0
699978.0,Cinema & Actors/actresses,Any,United States,elliotpage,543900.0,6100000.0
849726.0,Art/Artists,Cinema & Actors/actresses,India,mohanshakti,191900.0,17000000.0
894637.0,Music,Any,Indonesia,kh1000le,1100000.0,3000000.0
768556.0,Computers & Gadgets,Photography,India,apple,112500.0,29000000.0
864581.0,Lifestyle,Any,Iraq,narins_beauty,353300.0,9500000.0
554548.0,Sports with a ball,Any,Spain,garnacho7,962900.0,3400000.0
836157.0,Lifestyle,Any,South Korea,yooncy1,691400.0,4800000.0
789485.0,Music,Any,Mexico,manelyk_oficial,213100.0,15200000.0
755958.0,Cinema & Actors/actresses,Any,Italy,bowerjamie,600700.0,5500000.0
747587.0,Animals,Any,United States,dean.schneider,319100.0,10200000.0
696424.0,Music,Any,Brazil,ludmilla,115300.0,28600000.0
903011.0,Fashion,Lifestyle,Mexico,amadorat,393200.0,8300000.000000001
552911.0,Lifestyle,Music,United States,liltjay,422300.0,7800000.0
862884.0,Gaming,Cinema & Actors/actresses,India,nidhhiagerwal,121700.0,26400000.0
814980.0,Music,Cinema & Actors/actresses,Brazil,avrillavigne,268500.0,12000000.0
672562.0,Art/Artists,Any,United States,kenzie,217100.0,14800000.0
489376.0,Music,Any,Colombia,feid,547400.0,6000000.0
830139.0,Music,Any,Russia,egorkreed,220100.0,14600000.0
629531.0,Any,Any,Brazil,deolaneb_,515700.00000000006,6300000.0
879574.0,Any,Any,Indonesia,bts_love_myself,429600.0,7600000.0
846767.0,Music,Cinema & Actors/actresses,India,kanik4kapoor,267500.0,12000000.0
726513.0,Music,Lifestyle,United States,lizzobeeating,245300.0,13100000.0
882174.0,Shows,Any,India,harshasai_,891900.0,3600000.0
873833.0,Gaming,Computers & Gadgets,United States,fortnite,126100.0,25300000.0
697126.0,Music,Fashion,United States,samsmith,215000.0,14800000.0
741480.0,Modeling,Any,Russia,irinashayk,155600.0,20400000.0
495074.0,Lifestyle,Modeling,Brazil,rafaeluccman,352500.0,9400000.0
710242.0,Lifestyle,Beauty,Colombia,andreavaldirisos,365300.0,8900000.0
697380.0,Sports with a ball,Any,Nigeria,auba,231800.0,13600000.0
843485.0,Music,Cinema & Actors/actresses,Egypt,tamerhosny,133100.0,23800000.0
799045.0,Art/Artists,Cinema & Actors/actresses,United States,oprah,145900.0,21800000.0
539669.0,Beauty,Any,Brazil,marimaria,153900.0,20500000.0
433268.0,Music,Any,Argentina,mariabecerra,290200.0,10800000.0
840164.0,Any,Any,South Korea,jenaissante,1100000.0,2800000.0
319916.0,Lifestyle,Music,Brazil,vanessalopesr_,235800.0,13300000.0
629343.0,Music,Any,Mexico,kevinroldankr,283500.0,11000000.0
824599.0,Shows,Any,India,theamitbhadana,362300.0,8700000.0
340947.0,Literature & Journalism,Any,Brazil,choquei,168400.0,18500000.0
696895.0,Sports with a ball,Any,United States,lakers,148500.0,20800000.0
852469.0,Lifestyle,Any,India,yihyun_1208,608000.0,5100000.0
714035.0,Cinema & Actors/actresses,Fashion,Brazil,grantgust,401000.0,7800000.0
732244.0,Any,Any,Brazil,ewsbdi,642200.0,4900000.0
893416.0,Cinema & Actors/actresses,Any,India,theshilpashetty,112700.0,27400000.0
916450.0,Lifestyle,Any,United States,hustlemantherapper,300800.0,10200000.0
878560.0,Humor & Fun & Happiness,Any,Syria,aboflah,421900.0,7500000.0
845737.0,Any,Any,Indonesia,woozi_universefactory,718500.0,4400000.0
621915.0,Beauty,Lifestyle,Brazil,vivi,210400.0,14500000.0
712480.0,Music,Any,United States,pharrell,215100.0,14200000.0
399473.0,Lifestyle,Photography,Brazil,filiperet,382500.0,8100000.0
635060.0,Music,Any,United States,dababy,145100.0,21000000.0
691963.0,Art/Artists,Fashion,United States,taylor_hill,140500.0,21500000.0
781700.0,Cinema & Actors/actresses,Any,Turkey,burcuozberk,332600.0,9300000.0
724055.0,Music,Any,Mexico,martingarrix,192700.0,15700000.0
850172.0,Beauty,Cinema & Actors/actresses,India,krithi.shetty_official,708500.0,4300000.0
796303.0,Cinema & Actors/actresses,Lifestyle,Thailand,chomismaterialgirl,268500.0,11200000.0
556659.0,Lifestyle,Music,United States,hennessycarolina,389900.0,7800000.0
708233.0,Lifestyle,Winter sports,United Kingdom,masonmount,561300.0,5400000.0
866651.0,Lifestyle,Cinema & Actors/actresses,India,vickykaushal09,204800.0,14600000.0
639955.0,Sports with a ball,Any,United Kingdom,toniruediger,567800.0,5400000.0
882377.0,Lifestyle,Music,China,min.nicha,630600.0,4800000.0
546920.0,Music,Any,United States,richforever,181400.0,16600000.000000002
810824.0,Shows,Cinema & Actors/actresses,Brazil,angeliqueboyer,206700.0,14500000.0
765525.0,Lifestyle,Shows,United States,pokimanelol,493400.0,6100000.0
608438.0,Modeling,Lifestyle,United States,wolfiecindy,431300.0,7000000.0
523883.0,Cinema & Actors/actresses,Any,Brazil,klarafgcastanho,419600.0,7200000.0
379797.0,Music,Cinema & Actors/actresses,Brazil,joaogomescantor,214600.0,14000000.0
856536.0,Any,Any,United States,dreamwastaken,917800.0,3300000.0
745427.0,Lifestyle,Music,United States,nessabarrett,418300.0,7200000.0
442440.0,Cinema & Actors/actresses,Any,United States,saweetie,230300.0,13000000.0
948185.0,Lifestyle,Any,South Korea,_yujin_an,766400.0,3900000.0
828372.0,Lifestyle,Cinema & Actors/actresses,India,officialmahirasharma,521900.0,5800000.0
811279.0,Family,Cinema & Actors/actresses,India,kareenakapoorkhan,304600.0,9900000.0
583248.0,Music,Any,United States,kaliuchis,736600.0,4099999.9999999995
666099.0,Lifestyle,Any,Russia,hasbulla.hushetskiy,552900.0,5400000.0
854598.0,Shows,Cinema & Actors/actresses,United States,jeremyrenner,163300.0,18100000.0
789094.0,Music,Any,Indonesia,yg_treasure_official,512900.0,5900000.0
875476.0,Photography,Lifestyle,India,priyankaamohanofficial,770100.0,3900000.0
669407.0,Modeling,Any,United States,ms.sethii,407700.0,7400000.0
612984.0,Music,Any,United States,anguscloud,393800.0,7600000.0
909956.0,Cinema & Actors/actresses,Any,Mexico,luzu,543200.0,5500000.0
778758.0,Any,Any,India,artmodel.one,348500.0,8600000.0
593815.0,Shows,Any,Brazil,bypamella,300900.0,9900000.0
596027.0,Cinema & Actors/actresses,Modeling,United States,laurenlondon,301300.0,9900000.0
851104.0,Shows,Any,United States,disney,81800.0,35700000.0
696779.0,Cinema & Actors/actresses,Any,United States,emmaroberts,154600.0,18900000.0
580507.0,Lifestyle,Fashion,United Kingdom,mollymae,432800.0,6800000.0
770213.0,Lifestyle,Any,Mexico,nicolegarcia,485400.0,6100000.0
868829.0,Cinema & Actors/actresses,Any,Japan,kentooyamazaki,570500.0,5200000.0
800101.0,Cinema & Actors/actresses,Modeling,Mexico,iamyanetgarcia,194600.0,14900000.0
514321.0,Cinema & Actors/actresses,Modeling,Brazil,sashameneghel,361700.0,8100000.0
589272.0,Family,Any,United States,catherinemcbroom,409400.0,7200000.0
689534.0,Education,Humor & Fun & Happiness,Indonesia,jeromepolin,404700.0,7300000.0
831503.0,Cinema & Actors/actresses,Any,India,realhinakhan,154300.0,18800000.0
715958.0,Cinema & Actors/actresses,Any,Iran,navidmohammadzadeh,347300.0,8500000.0
848354.0,Water sports,Music,United States,rampage_thedancer,1300000.0,2200000.0
748572.0,Cinema & Actors/actresses,Any,India,miamalkova,257300.0,11300000.0
837321.0,Science,Machinery & Technologies,United States,spacex,175900.0,16399999.999999998
706880.0,Sports with a ball,Any,Morocco,bounouyassine_bono,643100.0,4500000.0
598169.0,Any,Any,United States,imfaithxo,491500.0,5900000.0
764559.0,Adult content,Any,United States,sophiedee,229800.0,12600000.0
847062.0,Music,Any,Thailand,333cyj333,431600.0,6700000.0
768224.0,Music,Modeling,United States,ciara,86800.0,33200000.000000004
557732.0,Sports with a ball,Any,Chile,alexis_officia1,190000.0,15100000.0
443799.0,Beauty,Any,Brazil,bianca,159700.0,18000000.0
752706.0,Beauty,Any,United States,nikkietutorials,168500.0,16800000.0
860074.0,Any,Any,Indonesia,choi_seung_hyun_tttop,189000.0,15100000.0
752148.0,Beauty,Any,France,nabilla,352800.0,8100000.0
840227.0,Cinema & Actors/actresses,Any,Colombia,linatejeiro,288200.0,9900000.0
888171.0,Sports with a ball,Any,Turkey,galatasaray,235000.0,12000000.0
711008.0,Art/Artists,Fashion,United States,troyesivan,204100.0,13800000.0
638647.0,Any,Any,Iran,voriaghafuri_official,797200.0,3800000.0
627306.0,Winter sports,Sports with a ball,United States,jamorant,342000.0,8300000.000000001
793202.0,Cinema & Actors/actresses,Any,India,esbilgic,398600.0,7200000.0
822636.0,Gaming,Photography,United States,_hakkencoser_,738700.0,3900000.0
827360.0,Cinema & Actors/actresses,Any,Egypt,hannahelzahed,151800.0,18400000.0
607262.0,Music,Any,Brazil,gabimartins,219900.0,12900000.0
602753.0,Lifestyle,Cinema & Actors/actresses,United States,percy,839600.0,3300000.0
380718.0,Lifestyle,Music,Brazil,mcdavipaiva,602100.0,4700000.0
696032.0,Music,Any,Indonesia,maudyayunda,154100.0,17900000.0
785432.0,Luxury,Cars & Motorbikes,United States,ferrari,114900.0,23900000.0
576243.0,Lifestyle,Any,United States,skaijackson,343400.0,8100000.0
736661.0,Lifestyle,Art/Artists,United States,huddy,242500.0,11300000.0
751871.0,Shows,Cinema & Actors/actresses,Brazil,willevy,251900.0,11100000.0
712227.0,Music,Cinema & Actors/actresses,United States,vanessamorgan,300700.0,9200000.0
575238.0,Music,Any,Mexico,jhayco,551700.0,5000000.0
677272.0,Sports with a ball,Any,Spain,davidalaba,234500.0,11600000.0
746275.0,Cinema & Actors/actresses,Any,Morocco,kawtarbamo,345400.0,8000000.0
942620.0,Humor & Fun & Happiness,Any,United States,celestebarber,293500.0,9400000.0
820004.0,Lifestyle,Any,Indonesia,ggonekim,461300.0,6000000.0
502732.0,Sports with a ball,Any,Brazil,flamengo,168300.0,16100000.000000002
813979.0,Music,Any,India,nimratkhairaofficial,335700.0,8199999.999999999
717532.0,Lifestyle,Any,India,austinmcbroom,430300.0,6400000.0
818658.0,Lifestyle,Music,Indonesia,junhui_moon,811400.0,3400000.0
790076.0,Humor & Fun & Happiness,Cinema & Actors/actresses,India,rjkarishma,509000.0,5400000.0
820820.0,Shows,Any,Spain,willyrex,311900.0,8700000.0
890309.0,Shows,Any,Russia,_agentgirl_,147000.0,18200000.0
597991.0,Music,Modeling,United States,lacikaysomers,223800.0,12200000.0
702133.0,Lifestyle,Music,Iran,tohi,223500.0,12200000.0
815268.0,Gaming,Any,India,hasnaink07,203100.0,13200000.0
591390.0,Family,Any,Brazil,morganasecco,671900.0,4099999.9999999995
766616.0,Modeling,Fitness & Gym,Iraq,haifa_hassony,172300.0,15600000.0
766094.0,Music,Any,Spain,ozuna,117300.0,22700000.0
428582.0,Lifestyle,NFT,United States,moneybaggyo,319700.0,8500000.0
871281.0,Travel,Any,India,allusnehareddy,310000.0,8700000.0
691654.0,Sports with a ball,Clothing & Outfits,Brazil,nikefootball,58500.0,45500000.0
695810.0,Cinema & Actors/actresses,Lifestyle,Indonesia,michelleziu,253900.0,10500000.0
699364.0,Cinema & Actors/actresses,Family,Brazil,tatawerneck,48700.0,54600000.0
622276.0,Music,Cinema & Actors/actresses,United States,dylanminnette,372800.0,7200000.0
664647.0,Music,Art/Artists,United States,g_eazy,269000.0,10000000.0
741480.0,Cinema & Actors/actresses,Lifestyle,Iran,mahnaz_afshar,157100.0,17100000.0
706806.0,Sports with a ball,Any,Spain,keylornavas1,160700.0,16700000.0
704261.0,Literature & Journalism,Fashion,United States,voguemagazine,63400.0,41800000.0
610513.0,Music,Any,Brazil,lexa,145700.0,18200000.0
735686.0,Lifestyle,Cinema & Actors/actresses,Brazil,amybethmcnulty,341400.0,7800000.0
582029.0,Modeling,Any,Brazil,nicolebahls,127600.0,20900000.0
752223.0,Humor & Fun & Happiness,Any,Turkey,ibrahimyilmazofficial,256899.99999999997,10300000.0
740240.0,Sports with a ball,Any,Germany,esmuellert,221600.0,11900000.0
774207.0,Lifestyle,Music,United States,snoopdogg,34200.0,78300000.0
809299.0,Lifestyle,Modeling,Colombia,jennmuriel,414000.0,6400000.0
773604.0,Shows,Lifestyle,India,harshbeniwal,458000.0,5700000.0
976356.0,Any,Any,Russia,brianmaps,455100.0,5800000.0
539013.0,Humor & Fun & Happiness,Any,Brazil,sincerooficial,119100.0,21800000.0
645346.0,Sports with a ball,Winter sports,United Kingdom,jackgrealish,462600.0,5700000.0
773873.0,Cinema & Actors/actresses,Any,United States,dkharbour,264800.0,9900000.0
693609.0,Shows,Cinema & Actors/actresses,Brazil,taylorlautner,303500.0,8600000.0
782283.0,Fitness & Gym,Any,India,sahilkhan,232500.0,11100000.0
680230.0,Lifestyle,Any,Argentina,alejoigoa,380200.0,6900000.0
581365.0,Finance & Economics,Business & Careers,Brazil,lulaoficial,226800.0,11700000.0
682475.0,Sports with a ball,Any,Brazil,alissonbecker,310500.0,8400000.0
807518.0,Cinema & Actors/actresses,Any,Brazil,karolsevillaofc,165800.0,15600000.0
615898.0,Cinema & Actors/actresses,Any,Brazil,e_milygarcia,223400.0,11600000.0
823208.0,Cinema & Actors/actresses,Any,India,kajol,195900.0,13100000.0
640265.0,Lifestyle,Cinema & Actors/actresses,Brazil,sashapieterse,156900.0,16300000.0
843703.0,Music,Any,Indonesia,bumkeyk,275200.0,9400000.0
757608.0,Adult content,Any,Brazil,soyneiva,215500.0,11900000.0
542986.0,Any,Any,United States,dearra,405900.0,6400000.0
537768.0,Music,Any,Argentina,emiliamernes,400100.0,6400000.0
478795.0,Shows,Any,Brazil,camilacoelho,260399.99999999997,9900000.0
838078.0,Shows,Any,Indonesia,jessnolimit,351400.0,7400000.0
762176.0,Music,Any,Indonesia,youngdae0302,561000.0,4600000.0
848441.0,Travel,Lifestyle,India,raghavjuyal,226100.0,11200000.0
762562.0,Shows,Any,Iraq,noorstars,186500.0,13500000.0
855860.0,Cinema & Actors/actresses,Modeling,Thailand,urassayas,206600.0,12200000.0
708832.0,Beauty,Cinema & Actors/actresses,United States,phoebejtonkin,301100.0,8400000.0
874277.0,Art/Artists,Cinema & Actors/actresses,India,riteishd,135900.0,18500000.0
794131.0,Cinema & Actors/actresses,Any,United States,sofiavergara,91700.0,27500000.0
735405.0,Adult content,Any,United States,pandorakaaki,281700.0,9100000.0
679022.0,Cars & Motorbikes,Machinery & Technologies,United States,teslamotors,266200.0,9600000.0
540624.0,Lifestyle,Cinema & Actors/actresses,United States,madisonbaileybabe,388300.0,6500000.0
688749.0,Lifestyle,Modeling,United States,larray,385400.0,6600000.0
768774.0,Music,Any,United States,jaybnow.hr,363100.0,7000000.0
775079.0,Adult content,Any,India,francety,219100.0,11500000.0
540624.0,Lifestyle,Cinema & Actors/actresses,United States,madisonbaileybabe,388300.0,6500000.0
688749.0,Lifestyle,Modeling,United States,larray,385400.0,6600000.0
768774.0,Music,Any,United States,jaybnow.hr,363100.0,7000000.0
775079.0,Adult content,Any,India,francety,219100.0,11500000.0
599929.0,Fitness & Gym,Any,United States,floydmayweather,86800.0,28500000.0
730657.0,Cinema & Actors/actresses,Any,India,katherinelangford,78700.0,31800000.0
472119.0,Beauty,Any,Brazil,francinyehlke,157900.0,15500000.0
767090.0,Lifestyle,Any,United States,lynaritaa,269600.0,9300000.0
801057.0,Cinema & Actors/actresses,Any,United States,starwars,153600.0,15900000.0
829556.0,Shows,Family,Russia,borodylia,125300.0,19500000.0
675395.0,Lifestyle,Sports with a ball,United Kingdom,brunofernandes8,325100.0,7600000.0
809362.0,Cinema & Actors/actresses,Lifestyle,United States,sarahhyland,238500.0,10200000.0
572858.0,Business & Careers,Management & Marketing,Turkey,limitless,237800.0,10200000.0
717530.0,Adult content,Any,United States,veradijkmans,442600.0,5600000.0
875832.0,Shows,Humor & Fun & Happiness,India,paraschhabra,408700.0,6000000.0
768608.0,Literature & Journalism,Cinema & Actors/actresses,Iran,shahinsamadpoor,497900.0,5000000.0
842115.0,Sports with a ball,Any,South Korea,whrbtjd,855800.0,2900000.0
567239.0,Family,Lifestyle,United States,morganwallen,550700.0,4500000.0
643823.0,Shows,Any,Indonesia,gadiiing,103300.0,23300000.0
964132.0,Any,Any,Japan,arashi_5_official,566200.0,4400000.0
795411.0,Lifestyle,Any,Indonesia,sandrinna_11,219500.0,10900000.0
773052.0,Sports with a ball,Any,India,chetri_sunil11,695600.0,3500000.0
769179.0,Shows,Winter sports,India,neeraj____chopra,386300.0,6300000.0
710514.0,Modeling,Any,Mexico,yuyacst,140300.0,17000000.0
615479.0,Cinema & Actors/actresses,Any,Brazil,lucasguimaraes,257600.00000000003,9500000.0
805906.0,Any,Any,Indonesia,k_a_z_u_h_a__,862900.0,2800000.0
947990.0,Cinema & Actors/actresses,Humor & Fun & Happiness,Japan,watanabenaomi703,243900.0,9900000.0
806996.0,Art/Artists,Cinema & Actors/actresses,United States,officialslystallone,153400.0,15600000.0
834051.0,Shows,Humor & Fun & Happiness,Mexico,lizbethrodriguezoficial,207500.0,11400000.0
662126.0,Humor & Fun & Happiness,Any,India,justsul,384800.0,6200000.0
771701.0,Music,Any,United States,aliciakeys,96800.0,24800000.0
831693.0,Cars & Motorbikes,Gaming,United States,rockstargames,98800.0,24000000.0
744111.0,Sports with a ball,Any,Germany,marcinho11,184600.0,12800000.0
576243.0,Any,Any,Brazil,casimiro,580100.0,4099999.9999999995
749355.0,Racing Sports,Cars & Motorbikes,Italy,scuderiaferrari,228400.0,10300000.0
757184.0,Cinema & Actors/actresses,Any,United States,dacremontgomery,260300.0,9200000.0
830401.0,Music,Any,Indonesia,viavallen,84600.0,27800000.0
747542.0,Lifestyle,Any,Turkey,cemrebaysel,656100.0,3600000.0
736782.0,Music,Art/Artists,United States,nickjonas,70100.0,33500000.0
801439.0,Shows,Any,Iran,sinavaliollah,298700.0,8000000.0
790780.0,Art/Artists,Any,Brazil,juliopfernandez,720400.0,3300000.0
725702.0,Lifestyle,Any,United States,strangehuman,515600.0,4600000.0
893400.0,Shows,Music,India,labels.hybe,1000000.0,2300000.0
446084.0,Shows,Music,United States,torylanez,196000.0,11900000.0
794758.0,Nature & landscapes,Photography,United States,earthpix,100200.0,23300000.0
593696.0,Sports with a ball,Any,United Kingdom,thiago6,222700.0,10400000.0
808356.0,Modeling,Adult content,Colombia,soycintiacossio,390600.0,6000000.0
820364.0,Lifestyle,Any,South Korea,feat.dino,876400.0,2700000.0
814838.0,Sports with a ball,Any,United States,djokernole,197500.0,11800000.0
806491.0,Lifestyle,Sports with a ball,India,ravindra.jadeja,485100.0,4800000.0
